{"count":1,"self":572.80834559999994,"total":1171.9188446,"children":{"AgentSendState":{"count":821874,"self":4.5381431999999995,"total":42.885137799999995,"children":{"CollectObservations":{"count":82188,"self":0.3718729,"total":0.3718729,"children":null},"CollectDiscreteActionMasks":{"count":82188,"self":0.1687868,"total":0.1687868,"children":null},"AgentInfo.ToProto":{"count":82188,"self":0.80893629999999994,"total":37.8063347,"children":{"GenerateSensorData":{"count":82188,"self":36.9973984,"total":36.9973984,"children":null}}}}},"DecideAction":{"count":821874,"self":544.036608,"total":544.0366003,"children":null},"AgentAct":{"count":821874,"self":11.874335199999999,"total":11.874335499999999,"children":null},"AgentInfo.ToProto":{"count":700,"self":0.0069990999999999994,"total":0.31245,"children":{"GenerateSensorData":{"count":700,"self":0.30545089999999997,"total":0.30545089999999997,"children":null}}}},"gauges":{"PlayerBehaviour.CumulativeReward":{"count":700,"max":13.8199806,"min":-1.99999928,"runningAverage":1.61811149,"value":1.700001,"weightedAverage":1.71501243}},"metadata":{"timer_format_version":"0.1.0","start_time_seconds":"1600922989","unity_version":"2020.1.1f1","command_line_arguments":"C:\\Program Files\\Unity\\Hub\\Editor\\2020.1.1f1\\Editor\\Unity.exe -projectpath C:\/Users\/Wachira\/Desktop\/algo_assignment1\/GAIT_A2_template -useHub -hubIPC -cloudEnvironment production -hubSessionId 4e376310-fe21-11ea-9406-4fd90ace8747 -accessToken sOYjl7dceqK3Bcuw6CpZjduEv5lgfzeAim-T7uxi_iw00ff","communication_protocol_version":"1.0.0","com.unity.ml-agents_version":"1.0.3","scene_name":"Main","end_time_seconds":"1600924161"}}