{
    "name": "root",
    "gauges": {
        "PlayerBehaviour.Policy.Entropy.mean": {
            "value": 0.6874845623970032,
            "min": 0.6874845623970032,
            "max": 0.6874845623970032,
            "count": 1
        },
        "PlayerBehaviour.Policy.ExtrinsicValueEstimate.mean": {
            "value": 0.017423132434487343,
            "min": 0.017423132434487343,
            "max": 0.017423132434487343,
            "count": 1
        },
        "PlayerBehaviour.Environment.EpisodeLength.mean": {
            "value": 116.11475409836065,
            "min": 116.11475409836065,
            "max": 116.11475409836065,
            "count": 1
        },
        "PlayerBehaviour.LevelReached.mean": {
            "value": 1.7540983606557377,
            "min": 1.7540983606557377,
            "max": 1.7540983606557377,
            "count": 1
        },
        "PlayerBehaviour.Environment.CumulativeReward.mean": {
            "value": 1.3911477487351074,
            "min": 1.3911477487351074,
            "max": 1.3911477487351074,
            "count": 1
        },
        "PlayerBehaviour.Policy.ExtrinsicReward.mean": {
            "value": 0.02782295422807916,
            "min": 0.02782295422807916,
            "max": 0.02782295422807916,
            "count": 1
        },
        "PlayerBehaviour.Losses.ValueLoss.mean": {
            "value": 9.940275776898488e-05,
            "min": 9.940275776898488e-05,
            "max": 9.940275776898488e-05,
            "count": 1
        },
        "PlayerBehaviour.Losses.PolicyLoss.mean": {
            "value": 0.1373428851366043,
            "min": 0.1373428851366043,
            "max": 0.1373428851366043,
            "count": 1
        },
        "PlayerBehaviour.Policy.LearningRate.mean": {
            "value": 0.00029984794673509896,
            "min": 0.00029984794673509896,
            "max": 0.00029984794673509896,
            "count": 1
        },
        "PlayerBehaviour.Policy.Epsilon.mean": {
            "value": 0.19994930922985077,
            "min": 0.19994930922985077,
            "max": 0.19994930922985077,
            "count": 1
        },
        "PlayerBehaviour.Policy.Beta.mean": {
            "value": 0.000499751593451947,
            "min": 0.000499751593451947,
            "max": 0.000499751593451947,
            "count": 1
        },
        "PlayerBehaviour.IsTraining.mean": {
            "value": 1.0,
            "min": 1.0,
            "max": 1.0,
            "count": 1
        }
    },
    "metadata": {
        "timer_format_version": "0.1.0",
        "start_time_seconds": "1601204998",
        "python_version": "3.8.1 (tags/v3.8.1:1b293b6, Dec 18 2019, 23:11:46) [MSC v.1916 64 bit (AMD64)]",
        "command_line_arguments": "C:\\Program Files\\python3.8\\Scripts\\mlagents-learn config/ppo/roguelike.yaml --run-id=thirdRun --resume",
        "mlagents_version": "0.19.0",
        "mlagents_envs_version": "0.19.0",
        "communication_protocol_version": "1.0.0",
        "tensorflow_version": "2.3.0",
        "numpy_version": "1.18.2",
        "end_time_seconds": "1601205217"
    },
    "total": 219.46457709999999,
    "count": 1,
    "self": 0.005746000000016238,
    "children": {
        "run_training.setup": {
            "total": 0.008439800000000108,
            "count": 1,
            "self": 0.008439800000000108
        },
        "TrainerController.start_learning": {
            "total": 219.45039129999998,
            "count": 1,
            "self": 0.26784349999991264,
            "children": {
                "TrainerController._reset_env": {
                    "total": 65.0820484,
                    "count": 1,
                    "self": 65.0820484
                },
                "TrainerController.advance": {
                    "total": 151.83725600000005,
                    "count": 10762,
                    "self": 0.11755269999835605,
                    "children": {
                        "env_step": {
                            "total": 151.7197033000017,
                            "count": 10762,
                            "self": 131.60716420000344,
                            "children": {
                                "SubprocessEnvManager._take_step": {
                                    "total": 19.97295419999911,
                                    "count": 10762,
                                    "self": 0.25830859999699385,
                                    "children": {
                                        "TFPolicy.evaluate": {
                                            "total": 19.714645600002115,
                                            "count": 10673,
                                            "self": 19.714645600002115
                                        }
                                    }
                                },
                                "workers": {
                                    "total": 0.13958489999915002,
                                    "count": 10761,
                                    "self": 0.0,
                                    "children": {
                                        "worker_root": {
                                            "total": 155.18844980000168,
                                            "count": 10761,
                                            "is_parallel": true,
                                            "self": 48.405044200002735,
                                            "children": {
                                                "steps_from_proto": {
                                                    "total": 0.00037650000000155615,
                                                    "count": 1,
                                                    "is_parallel": true,
                                                    "self": 0.00017150000000754062,
                                                    "children": {
                                                        "_process_vector_observation": {
                                                            "total": 0.00020499999999401552,
                                                            "count": 2,
                                                            "is_parallel": true,
                                                            "self": 0.00020499999999401552
                                                        }
                                                    }
                                                },
                                                "UnityEnvironment.step": {
                                                    "total": 106.78302909999894,
                                                    "count": 10761,
                                                    "is_parallel": true,
                                                    "self": 0.6785102999996866,
                                                    "children": {
                                                        "UnityEnvironment._generate_step_input": {
                                                            "total": 1.3680648999994673,
                                                            "count": 10761,
                                                            "is_parallel": true,
                                                            "self": 1.3680648999994673
                                                        },
                                                        "communicator.exchange": {
                                                            "total": 102.47238139999948,
                                                            "count": 10761,
                                                            "is_parallel": true,
                                                            "self": 102.47238139999948
                                                        },