{
    "name": "root",
    "gauges": {
        "PlayerBehaviour.Policy.Entropy.mean": {
            "value": 0.5859357714653015,
            "min": 0.5736964344978333,
            "max": 1.319797396659851,
            "count": 39
        },
        "PlayerBehaviour.Policy.ExtrinsicValueEstimate.mean": {
            "value": 0.005097768735140562,
            "min": -0.8002073168754578,
            "max": 0.02241862751543522,
            "count": 39
        },
        "PlayerBehaviour.Environment.EpisodeLength.mean": {
            "value": 106.3225806451613,
            "min": 98.16831683168317,
            "max": 118.96385542168674,
            "count": 39
        },
        "PlayerBehaviour.LevelReached.mean": {
            "value": 1.4838709677419355,
            "min": 1.1058823529411765,
            "max": 1.5263157894736843,
            "count": 39
        },
        "PlayerBehaviour.Environment.CumulativeReward.mean": {
            "value": 0.3348925322374349,
            "min": -0.1567707909659172,
            "max": 0.452590433229883,
            "count": 39
        },
        "PlayerBehaviour.Policy.ExtrinsicReward.mean": {
            "value": 0.006697850861406374,
            "min": -0.0031354157266226443,
            "max": 0.009051808881214315,
            "count": 39
        },
        "PlayerBehaviour.Losses.ValueLoss.mean": {
            "value": 7.96062704466749e-06,
            "min": 3.7547063129750313e-06,
            "max": 0.07285621762275696,
            "count": 39
        },
        "PlayerBehaviour.Losses.PolicyLoss.mean": {
            "value": 0.13912327587604523,
            "min": 0.1301257610321045,
            "max": 0.147999107837677,
            "count": 39
        },
        "PlayerBehaviour.Policy.LearningRate.mean": {
            "value": 0.0002998843265231699,
            "min": 0.0002998843265231699,
            "max": 0.00029999844264239073,
            "count": 39
        },
        "PlayerBehaviour.Policy.Epsilon.mean": {
            "value": 0.19996145367622375,
            "min": 0.19996145367622375,
            "max": 0.19999949634075165,
            "count": 39
        },
        "PlayerBehaviour.Policy.Beta.mean": {
            "value": 0.0004998110816814005,
            "min": 0.0004998110816814005,
            "max": 0.0004999975208193064,
            "count": 39
        },
        "PlayerBehaviour.IsTraining.mean": {
            "value": 1.0,
            "min": 1.0,
            "max": 1.0,
            "count": 39
        }
    },
    "metadata": {
        "timer_format_version": "0.1.0",
        "start_time_seconds": "1601365740",
        "python_version": "3.8.1 (tags/v3.8.1:1b293b6, Dec 18 2019, 23:11:46) [MSC v.1916 64 bit (AMD64)]",
        "command_line_arguments": "C:\\Program Files\\python3.8\\Scripts\\mlagents-learn config/ppo/roguelike.yaml --run-id=sixRun --resume",
        "mlagents_version": "0.19.0",
        "mlagents_envs_version": "0.19.0",
        "communication_protocol_version": "1.0.0",
        "tensorflow_version": "2.3.0",
        "numpy_version": "1.18.2",
        "end_time_seconds": "1601371319"
    },
    "total": 5578.607693399999,
    "count": 1,
    "self": 0.005145399999491929,
    "children": {
        "run_training.setup": {
            "total": 0.008211300000000143,
            "count": 1,
            "self": 0.008211300000000143
        },
        "TrainerController.start_learning": {
            "total": 5578.5943367,
            "count": 1,
            "self": 9.766154900159563,
            "children": {
                "TrainerController._reset_env": {
                    "total": 25.5803703,
                    "count": 1,
                    "self": 25.5803703
                },
                "TrainerController.advance": {
                    "total": 5540.89954419984,
                    "count": 394321,
                    "self": 4.2268654000736205,
                    "children": {
                        "env_step": {
                            "total": 5536.672678799767,
                            "count": 394321,
                            "self": 4872.557845799773,
                            "children": {
                                "SubprocessEnvManager._take_step": {
                                    "total": 658.9822742999447,
                                    "count": 394321,
                                    "self": 9.479221199943822,
                                    "children": {
                                        "TFPolicy.evaluate": {
                                            "total": 649.5030531000009,
                                            "count": 390715,
                                            "self": 649.5030531000009
                                        }
                                    }
                                },
                                "workers": {
                                    "total": 5.132558700049216,
                                    "count": 394320,
                                    "self": 0.0,
                                    "children": {
                                        "worker_root": {
                                            "total": 5542.430515400168,
                                            "count": 394320,
                                            "is_parallel": true,
                                            "self": 1526.4033816000774,
                                            "children": {
                                                "steps_from_proto": {
                                                    "total": 0.0003303000000016709,
                                                    "count": 1,
                                                    "is_parallel": true,
                                                    "self": 0.00016150000000081377,
                                                    "children": {
                                                        "_process_vector_observation": {
                                                            "total": 0.00016880000000085715,
                                                            "count": 2,
                                                            "is_parallel": true,
                                                            "self": 0.00016880000000085715
                                                        }
                                                    }
                                                },
                                                "UnityEnvironment.step": {
                                                    "total": 4016.0268035000904,
                                                    "count": 394320,
                                                    "is_parallel": true,
                                                    "self": 23.723783100383116,
                                                    "children": {
                                                        "UnityEnvironment._generate_step_input": {
                                                            "total": 47.507330499725256,
                                                            "count": 394320,
                                                            "is_parallel": true,
                                                            "self": 47.507330499725256
                                                        },
                                                        "communicator.exchange": {
                                                            "total": 3862.596888199908,
                                                            "count": 394320,
                                                            "is_parallel": true,
                                                            "self": 3862.596888199908
                                                        },